{"cameraMode":{"drawMode":0,"name":"Shaded","section":"Shading Mode"},"sceneLighting":false,"audioPlay":false,"sceneViewState":{"showFog":false,"showMaterialUpdate":false,"showSkybox":false,"showFlares":false,"showImageEffects":false,"showParticleSystems":false},"in2DMode":false,"pivot":{"x":1.1561720371246338,"y":1.6616963148117066,"z":0.09999998658895493},"rotation":{"x":0.2191382199525833,"y":0.03652392327785492,"z":-0.008264154195785523,"w":0.9750064015388489},"size":0.570231556892395,"orthographic":false}