{"cameraMode":{"drawMode":0,"name":"Shaded","section":"Shading Mode"},"sceneLighting":true,"audioPlay":false,"sceneViewState":{"showFog":false,"showMaterialUpdate":false,"showSkybox":true,"showFlares":false,"showImageEffects":false,"showParticleSystems":false},"in2DMode":false,"pivot":{"x":3.954327344894409,"y":-0.3471035957336426,"z":14.994499206542969},"rotation":{"x":-0.40845999121665957,"y":0.3908758759498596,"z":-0.19901269674301148,"w":-0.8006627559661865},"size":31.782018661499025,"orthographic":false}