{"cameraMode":{"drawMode":0,"name":"Shaded","section":"Shading Mode"},"sceneLighting":true,"audioPlay":false,"sceneViewState":{"showFog":false,"showMaterialUpdate":false,"showSkybox":true,"showFlares":false,"showImageEffects":false,"showParticleSystems":false},"in2DMode":false,"pivot":{"x":5.4900007247924809,"y":0.7252663373947144,"z":8.829999923706055},"rotation":{"x":0.4053994417190552,"y":-0.06438332051038742,"z":0.028606176376342775,"w":0.9114655256271362},"size":14.237269401550293,"orthographic":false}