{"cameraMode":{"drawMode":0,"name":"Shaded","section":"Shading Mode"},"sceneLighting":false,"audioPlay":false,"sceneViewState":{"showFog":false,"showMaterialUpdate":false,"showSkybox":false,"showFlares":false,"showImageEffects":false,"showParticleSystems":false},"in2DMode":false,"pivot":{"x":1.9780000448226929,"y":1.5750000476837159,"z":-13.434976577758789},"rotation":{"x":0.3436752259731293,"y":-0.13508808612823487,"z":0.049819428473711017,"w":0.9281960129737854},"size":3.655261278152466,"orthographic":false}