{"cameraMode":{"drawMode":0,"name":"Shaded","section":"Shading Mode"},"sceneLighting":true,"audioPlay":false,"sceneViewState":{"showFog":false,"showMaterialUpdate":false,"showSkybox":true,"showFlares":false,"showImageEffects":false,"showParticleSystems":false},"in2DMode":false,"pivot":{"x":-5.957016944885254,"y":0.8202404975891113,"z":14.995306968688965},"rotation":{"x":-0.2805701494216919,"y":0.2483949065208435,"z":-0.07493141293525696,"w":-0.9243354797363281},"size":49.79922103881836,"orthographic":false}