{"cameraMode":{"drawMode":0,"name":"Shaded","section":"Shading Mode"},"sceneLighting":true,"audioPlay":false,"sceneViewState":{"showFog":false,"showMaterialUpdate":false,"showSkybox":true,"showFlares":false,"showImageEffects":false,"showParticleSystems":false},"in2DMode":false,"pivot":{"x":-15.940515518188477,"y":1.5296796560287476,"z":6.1973090171813969},"rotation":{"x":0.2711990475654602,"y":-0.22419743239879609,"z":0.06489554792642594,"w":0.9338603615760803},"size":9.53640079498291,"orthographic":false}