{"cameraMode":{"drawMode":0,"name":"Shaded","section":"Shading Mode"},"sceneLighting":false,"audioPlay":false,"sceneViewState":{"showFog":false,"showMaterialUpdate":false,"showSkybox":false,"showFlares":false,"showImageEffects":false,"showParticleSystems":false},"in2DMode":false,"pivot":{"x":0.09300000965595246,"y":0.6549029350280762,"z":1.3350000381469727},"rotation":{"x":0.16381418704986573,"y":-0.4131659269332886,"z":0.0758197233080864,"w":0.8926164507865906},"size":0.8050253987312317,"orthographic":false}