{"cameraMode":{"drawMode":0,"name":"Shaded","section":"Shading Mode"},"sceneLighting":true,"audioPlay":false,"sceneViewState":{"showFog":false,"showMaterialUpdate":false,"showSkybox":true,"showFlares":false,"showImageEffects":false,"showParticleSystems":false},"in2DMode":false,"pivot":{"x":0.16799986362457276,"y":1.5249996185302735,"z":0.5552283525466919},"rotation":{"x":-0.032990794628858569,"y":-0.9545747637748718,"z":0.2725423276424408,"w":-0.11638859659433365},"size":8.40843391418457,"orthographic":false}