{"cameraMode":{"drawMode":0,"name":"Shaded","section":"Shading Mode"},"sceneLighting":true,"audioPlay":false,"sceneViewState":{"showFog":false,"showMaterialUpdate":false,"showSkybox":true,"showFlares":false,"showImageEffects":false,"showParticleSystems":false},"in2DMode":false,"pivot":{"x":-0.23000000417232514,"y":1.7409999370574952,"z":0.10000000894069672},"rotation":{"x":0.4438900053501129,"y":-0.21149010956287385,"z":0.10861220210790634,"w":0.8640061616897583},"size":0.8431536555290222,"orthographic":false}