{"cameraMode":{"drawMode":0,"name":"Shaded","section":"Shading Mode"},"sceneLighting":false,"audioPlay":false,"sceneViewState":{"showFog":false,"showMaterialUpdate":false,"showSkybox":false,"showFlares":false,"showImageEffects":false,"showParticleSystems":false},"in2DMode":false,"pivot":{"x":-0.12999996542930604,"y":0.3599998652935028,"z":4.730000019073486},"rotation":{"x":0.18290939927101136,"y":-0.4939493238925934,"z":0.10712755471467972,"w":0.8433041572570801},"size":1.6783264875411988,"orthographic":false}