{"cameraMode":{"drawMode":0,"name":"Shaded","section":"Shading Mode"},"sceneLighting":true,"audioPlay":false,"sceneViewState":{"showFog":false,"showMaterialUpdate":false,"showSkybox":true,"showFlares":false,"showImageEffects":false,"showParticleSystems":false},"in2DMode":false,"pivot":{"x":0.12885062396526338,"y":0.9228898882865906,"z":-0.5130947828292847},"rotation":{"x":-0.12412526458501816,"y":0.767000138759613,"z":-0.15528631210327149,"w":-0.6104618310928345},"size":5.084855556488037,"orthographic":false}