{"cameraMode":{"drawMode":0,"name":"Shaded","section":"Shading Mode"},"sceneLighting":false,"audioPlay":false,"sceneViewState":{"showFog":false,"showMaterialUpdate":false,"showSkybox":false,"showFlares":false,"showImageEffects":false,"showParticleSystems":false},"in2DMode":false,"pivot":{"x":2.999999761581421,"y":0.4682283401489258,"z":-1.6763806343078614e-7},"rotation":{"x":0.4176592230796814,"y":-0.03010854311287403,"z":0.01364645641297102,"w":0.9080688953399658},"size":2.1051740646362306,"orthographic":false}