{"cameraMode":{"drawMode":0,"name":"Shaded","section":"Shading Mode"},"sceneLighting":true,"audioPlay":false,"sceneViewState":{"showFog":false,"showMaterialUpdate":false,"showSkybox":true,"showFlares":false,"showImageEffects":false,"showParticleSystems":false},"in2DMode":false,"pivot":{"x":0.039999961853027347,"y":2.049999952316284,"z":1.277999997138977},"rotation":{"x":-0.17658431828022004,"y":-0.028588974848389627,"z":0.005133301485329866,"w":-0.9838955998420715},"size":4.730733871459961,"orthographic":false}