{"cameraMode":{"drawMode":0,"name":"Shaded","section":"Shading Mode"},"sceneLighting":true,"audioPlay":false,"sceneViewState":{"showFog":false,"showMaterialUpdate":false,"showSkybox":true,"showFlares":false,"showImageEffects":false,"showParticleSystems":false},"in2DMode":false,"pivot":{"x":-15.695599555969239,"y":1.185938835144043,"z":6.283247470855713},"rotation":{"x":0.35141944885253909,"y":-0.5038331747055054,"z":0.23505008220672608,"w":0.7533009052276611},"size":36.589508056640628,"orthographic":false}