{"cameraMode":{"drawMode":0,"name":"Shaded","section":"Shading Mode"},"sceneLighting":true,"audioPlay":false,"sceneViewState":{"showFog":false,"showMaterialUpdate":false,"showSkybox":true,"showFlares":false,"showImageEffects":false,"showParticleSystems":false},"in2DMode":false,"pivot":{"x":0.16799986362457276,"y":1.5249996185302735,"z":0.5552283525466919},"rotation":{"x":0.3143123686313629,"y":-0.04566744342446327,"z":0.014923466369509697,"w":0.9481680989265442},"size":2.1084320545196535,"orthographic":false}