{"cameraMode":{"drawMode":0,"name":"Shaded","section":"Shading Mode"},"sceneLighting":false,"audioPlay":false,"sceneViewState":{"showFog":false,"showMaterialUpdate":false,"showSkybox":false,"showFlares":false,"showImageEffects":false,"showParticleSystems":false},"in2DMode":false,"pivot":{"x":0.09300000965595246,"y":0.6549029350280762,"z":1.3350000381469727},"rotation":{"x":0.21604523062705995,"y":0.32234033942222597,"z":-0.07580161094665528,"w":0.9185481071472168},"size":3.2050254344940187,"orthographic":false}