{"cameraMode":{"drawMode":0,"name":"Shaded","section":"Shading Mode"},"sceneLighting":true,"audioPlay":false,"sceneViewState":{"showFog":false,"showMaterialUpdate":false,"showSkybox":true,"showFlares":false,"showImageEffects":false,"showParticleSystems":false},"in2DMode":false,"pivot":{"x":0.0,"y":0.48899975419044497,"z":0.024000167846679689},"rotation":{"x":0.36526578664779665,"y":-0.21236109733581544,"z":0.08575200289487839,"w":0.902357816696167},"size":5.073356628417969,"orthographic":false}