{"cameraMode":{"drawMode":0,"name":"Shaded","section":"Shading Mode"},"sceneLighting":false,"audioPlay":false,"sceneViewState":{"showFog":false,"showMaterialUpdate":false,"showSkybox":false,"showFlares":false,"showImageEffects":false,"showParticleSystems":false},"in2DMode":false,"pivot":{"x":-16.515169143676759,"y":0.6829999685287476,"z":23.8931884765625},"rotation":{"x":0.09138795733451843,"y":-0.24824854731559754,"z":0.023509154096245767,"w":0.9641314744949341},"size":4.244991302490234,"orthographic":false}