{"cameraMode":{"drawMode":0,"name":"Shaded","section":"Shading Mode"},"sceneLighting":true,"audioPlay":false,"sceneViewState":{"showFog":false,"showMaterialUpdate":false,"showSkybox":true,"showFlares":false,"showImageEffects":false,"showParticleSystems":false},"in2DMode":false,"pivot":{"x":1.1649999618530274,"y":1.500999927520752,"z":0.09999999403953552},"rotation":{"x":0.2191382199525833,"y":0.03652392327785492,"z":-0.008264154195785523,"w":0.9750064015388489},"size":3.9027864933013918,"orthographic":false}