{"cameraMode":{"drawMode":0,"name":"Shaded","section":"Shading Mode"},"sceneLighting":false,"audioPlay":false,"sceneViewState":{"showFog":false,"showMaterialUpdate":false,"showSkybox":false,"showFlares":false,"showImageEffects":false,"showParticleSystems":false},"in2DMode":false,"pivot":{"x":-2.7297134399414064,"y":0.7687902450561523,"z":-0.0525050163269043},"rotation":{"x":0.35141944885253909,"y":-0.5038331747055054,"z":0.23505008220672608,"w":0.7533009052276611},"size":15.070182800292969,"orthographic":false}