{"cameraMode":{"drawMode":0,"name":"Shaded","section":"Shading Mode"},"sceneLighting":true,"audioPlay":false,"sceneViewState":{"showFog":false,"showMaterialUpdate":false,"showSkybox":true,"showFlares":false,"showImageEffects":false,"showParticleSystems":false},"in2DMode":false,"pivot":{"x":-0.12999993562698365,"y":0.35999974608421328,"z":4.730000019073486},"rotation":{"x":0.18290939927101136,"y":-0.4939493238925934,"z":0.10712755471467972,"w":0.8433041572570801},"size":3.35665225982666,"orthographic":false}