{"cameraMode":{"drawMode":0,"name":"Shaded","section":"Shading Mode"},"sceneLighting":false,"audioPlay":false,"sceneViewState":{"showFog":false,"showMaterialUpdate":false,"showSkybox":false,"showFlares":false,"showImageEffects":false,"showParticleSystems":false},"in2DMode":false,"pivot":{"x":0.004850625991821289,"y":0.7679052352905273,"z":-3.2281951904296877},"rotation":{"x":0.13317199051380158,"y":-0.1436770260334015,"z":0.019510561600327493,"w":0.980457067489624},"size":5.48809814453125,"orthographic":false}