{"cameraMode":{"drawMode":0,"name":"Shaded","section":"Shading Mode"},"sceneLighting":true,"audioPlay":false,"sceneViewState":{"showFog":false,"showMaterialUpdate":false,"showSkybox":true,"showFlares":false,"showImageEffects":false,"showParticleSystems":false},"in2DMode":false,"pivot":{"x":-0.0007352828979492188,"y":0.8968212604522705,"z":-0.00470849871635437},"rotation":{"x":-0.12156673520803452,"y":-0.8303002715110779,"z":0.19984214007854463,"w":-0.5059813261032105},"size":5.72427225112915,"orthographic":false}