{"cameraMode":{"drawMode":0,"name":"Shaded","section":"Shading Mode"},"sceneLighting":false,"audioPlay":false,"sceneViewState":{"showFog":false,"showMaterialUpdate":false,"showSkybox":false,"showFlares":false,"showImageEffects":false,"showParticleSystems":false},"in2DMode":false,"pivot":{"x":6.391414642333984,"y":31.315250396728517,"z":-3.45050048828125},"rotation":{"x":0.36309000849723818,"y":-0.4273243844509125,"z":0.19267819821834565,"w":0.8053038716316223},"size":600.101806640625,"orthographic":false}