{"cameraMode":{"drawMode":0,"name":"Shaded","section":"Shading Mode"},"sceneLighting":true,"audioPlay":false,"sceneViewState":{"showFog":false,"showMaterialUpdate":false,"showSkybox":true,"showFlares":false,"showImageEffects":false,"showParticleSystems":false},"in2DMode":false,"pivot":{"x":4.141414642333984,"y":0.7999999523162842,"z":25.41044807434082},"rotation":{"x":-0.0933280885219574,"y":-0.04820973053574562,"z":0.005000940058380365,"w":-0.9946096539497376},"size":34.101356506347659,"orthographic":false}