{"cameraMode":{"drawMode":0,"name":"Shaded","section":"Shading Mode"},"sceneLighting":true,"audioPlay":false,"sceneViewState":{"showFog":false,"showMaterialUpdate":false,"showSkybox":true,"showFlares":false,"showImageEffects":false,"showParticleSystems":false},"in2DMode":false,"pivot":{"x":1.9780000448226929,"y":1.5750000476837159,"z":7.565023899078369},"rotation":{"x":0.2465423047542572,"y":-0.12223675847053528,"z":0.0311496090143919,"w":0.9610917568206787},"size":16.798582077026368,"orthographic":false}